Workbook
Name R1_PTS: Config!$B$2
Name R2_PTS: Config!$B$3
Name CF_PTS: Config!$B$4
Name SCF_PTS: Config!$B$5
Name GAMES_BONUS: Config!$B$6
Name PICKS_LOCKED: Config!$B$7
Name ACTUAL_TOTAL_GOALS: Bracket!$F$17

Sheet Instructions
A1: NHL Playoffs 2026 — Bracket Scorer
A3: How to use this workbook
A5: 1. Bracket sheet — YELLOW cells are for input. GREEN cells auto-fill. Round 1 matchups are pre-populated; edit if the set differs.
A6: • Enter the Winner and # of Games (4–7) for each series as it ends. The Status column shows Not Set / In Progress / Final.
A7: • Scroll to the last row to enter the ACTUAL Cup-Final total goals (tiebreaker) once the Final is over.
A9: 2. Picks sheet — Type each player's name in row 1, then their Winner pick (dropdown) and Games pick (4–7) per series.
A10: • Last row: each player enters a Cup-Final total-goals GUESS — used to break ties.
A11: • When Config!PICKS_LOCKED = TRUE, all pick cells turn peach as a visual lock indicator. For hard enforcement, right-click the Picks sheet tab → Protect Sheet after picks are in.
A13: 3. Scores sheet — Fully automatic. Per-series points, per-round subtotals at the bottom, TOTAL row, and a heatmap.
A14: • Correct winner = round points. Correct # of games = +1 bonus (only if winner pick was also correct).
A16: 4. Leaderboard sheet — Live ranking. Ties broken by |guess − actual| on the Cup-Final total-goals question.
A18: 5. Config sheet — Change point values, the games bonus, and the PICKS_LOCKED toggle.
... A24: Round 1: 2 pts Round 2: 4 pts Conference Final: 6 pts Stanley Cup Final: 10 pts Correct games bonus: +1

Sheet Bracket
A1: Round | B1: Series | C1: Team 1 | D1: Team 2 | E1: Winner | F1: Games | G1: Status
A2: Round 1 | B2: E1 | C2: Carolina Hurricanes | D2: Ottawa Senators | E2: Carolina Hurricanes | F2: 4 | G2: =IF(E2<>"","Final",IF(AND(C2<>"",D2<>""),"In Progress","Not Set"))
A3: Round 1 | B3: E2 | C3: Pittsburgh Penguins | D3: Philadelphia Flyers | E3: Philadelphia Flyers | F3: 6 | G3: =IF(E3<>"","Final",IF(AND(C3<>"",D3<>""),"In Progress","Not Set"))
A4: Round 1 | B4: E3 | C4: Buffalo Sabres | D4: Boston Bruins | E4: Buffalo Sabres | F4: 6 | G4: =IF(E4<>"","Final",IF(AND(C4<>"",D4<>""),"In Progress","Not Set"))
A5: Round 1 | B5: E4 | C5: Tampa Bay Lightning | D5: Montreal Canadiens | E5: Montreal Canadiens | F5: 7 | G5: =IF(E5<>"","Final",IF(AND(C5<>"",D5<>""),"In Progress","Not Set"))
A6: Round 1 | B6: W1 | C6: Colorado Avalanche | D6: Los Angeles Kings | E6: Colorado Avalanche | F6: 4 | G6: =IF(E6<>"","Final",IF(AND(C6<>"",D6<>""),"In Progress","Not Set"))
A7: Round 1 | B7: W2 | C7: Dallas Stars | D7: Minnesota Wild | E7: Minnesota Wild | F7: 6 | G7: =IF(E7<>"","Final",IF(AND(C7<>"",D7<>""),"In Progress","Not Set"))
A8: Round 1 | B8: W3 | C8: Vegas Golden Knights | D8: Utah Mammoth | E8: Vegas Golden Knights | F8: 6 | G8: =IF(E8<>"","Final",IF(AND(C8<>"",D8<>""),"In Progress","Not Set"))
A9: Round 1 | B9: W4 | C9: Edmonton Oilers | D9: Anaheim Ducks | E9: Anaheim Ducks | F9: 6 | G9: =IF(E9<>"","Final",IF(AND(C9<>"",D9<>""),"In Progress","Not Set"))
A10: Round 2 | B10: E5 | C10: =IF(E2="","",E2) | D10: =IF(E3="","",E3) | E10: Carolina Hurricanes | F10: 4 | G10: =IF(E10<>"","Final",IF(AND(C10<>"",D10<>""),"In Progress","Not Set"))
A11: Round 2 | B11: E6 | C11: =IF(E4="","",E4) | D11: =IF(E5="","",E5) | E11: Montreal Canadiens | F11: 7 | G11: =IF(E11<>"","Final",IF(AND(C11<>"",D11<>""),"In Progress","Not Set"))
A12: Round 2 | B12: W5 | C12: =IF(E6="","",E6) | D12: =IF(E7="","",E7) | E12: Colorado Avalanche | F12: 5 | G12: =IF(E12<>"","Final",IF(AND(C12<>"",D12<>""),"In Progress","Not Set"))
A13: Round 2 | B13: W6 | C13: =IF(E8="","",E8) | D13: =IF(E9="","",E9) | E13: Vegas Golden Knights | F13: 6 | G13: =IF(E13<>"","Final",IF(AND(C13<>"",D13<>""),"In Progress","Not Set"))
A14: Conference Final | B14: E7 | C14: =IF(E10="","",E10) | D14: =IF(E11="","",E11) | E14: Carolina Hurricanes | F14: 5 | G14: =IF(E14<>"","Final",IF(AND(C14<>"",D14<>""),"In Progress","Not Set"))
A15: Conference Final | B15: W7 | C15: =IF(E12="","",E12) | D15: =IF(E13="","",E13) | E15: Vegas Golden Knights | F15: 4 | G15: =IF(E15<>"","Final",IF(AND(C15<>"",D15<>""),"In Progress","Not Set"))
A16: Stanley Cup Final | B16: SCF | C16: =IF(E14="","",E14) | D16: =IF(E15="","",E15) | G16: =IF(E16<>"","Final",IF(AND(C16<>"",D16<>""),"In Progress","Not Set"))
A17: Cup Final — Total Goals (actual, tiebreaker)

Sheet Picks
A1: Series / Actual Results | E1: Player 1 | G1: Player 2 | I1: Player 3 | K1: Player 4 | M1: Player 5 | O1: Player 6 | Q1: Player 7 | S1: Player 8 | U1: Player 9 | W1: Player 10 | Y1: Player 11 | AA1: Player 12 | AC1: Player 13 | AE1: Player 14 | AG1: Player 15 | AI1: Player 16 | AK1: Player 17 | AM1: Player 18 | AO1: Player 19 | AQ1: Player 20
A2: Round | B2: Series | C2: Actual Winner | D2: Actual Games | E2: Winner Pick | F2: Games Pick | G2: Winner Pick | H2: Games Pick | I2: Winner Pick | J2: Games Pick | K2: Winner Pick | L2: Games Pick | M2: Winner Pick | N2: Games Pick | O2: Winner Pick | P2: Games Pick | Q2: Winner Pick | R2: Games Pick | S2: Winner Pick | T2: Games Pick | U2: Winner Pick | V2: Games Pick | W2: Winner Pick | X2: Games Pick | Y2: Winner Pick | Z2: Games Pick | AA2: Winner Pick | AB2: Games Pick | AC2: Winner Pick | AD2: Games Pick | AE2: Winner Pick | AF2: Games Pick | AG2: Winner Pick | AH2: Games Pick | AI2: Winner Pick | AJ2: Games Pick | AK2: Winner Pick | AL2: Games Pick | AM2: Winner Pick | AN2: Games Pick | AO2: Winner Pick | AP2: Games Pick | AQ2: Winner Pick | AR2: Games Pick
A3: Round 1 | B3: E1 | C3: =IF(Bracket!E2="","",Bracket!E2) | D3: =IF(Bracket!F2="","",Bracket!F2)
A4: Round 1 | B4: E2 | C4: =IF(Bracket!E3="","",Bracket!E3) | D4: =IF(Bracket!F3="","",Bracket!F3)
A5: Round 1 | B5: E3 | C5: =IF(Bracket!E4="","",Bracket!E4) | D5: =IF(Bracket!F4="","",Bracket!F4)
A6: Round 1 | B6: E4 | C6: =IF(Bracket!E5="","",Bracket!E5) | D6: =IF(Bracket!F5="","",Bracket!F5)
A7: Round 1 | B7: W1 | C7: =IF(Bracket!E6="","",Bracket!E6) | D7: =IF(Bracket!F6="","",Bracket!F6)
A8: Round 1 | B8: W2 | C8: =IF(Bracket!E7="","",Bracket!E7) | D8: =IF(Bracket!F7="","",Bracket!F7)
A9: Round 1 | B9: W3 | C9: =IF(Bracket!E8="","",Bracket!E8) | D9: =IF(Bracket!F8="","",Bracket!F8)
A10: Round 1 | B10: W4 | C10: =IF(Bracket!E9="","",Bracket!E9) | D10: =IF(Bracket!F9="","",Bracket!F9)
A11: Round 2 | B11: E5 | C11: =IF(Bracket!E10="","",Bracket!E10) | D11: =IF(Bracket!F10="","",Bracket!F10)
A12: Round 2 | B12: E6 | C12: =IF(Bracket!E11="","",Bracket!E11) | D12: =IF(Bracket!F11="","",Bracket!F11)
A13: Round 2 | B13: W5 | C13: =IF(Bracket!E12="","",Bracket!E12) | D13: =IF(Bracket!F12="","",Bracket!F12)
A14: Round 2 | B14: W6 | C14: =IF(Bracket!E13="","",Bracket!E13) | D14: =IF(Bracket!F13="","",Bracket!F13)
... A17: Stanley Cup Final | B17: SCF | C17: =IF(Bracket!E16="","",Bracket!E16) | D17: =IF(Bracket!F16="","",Bracket!F16)
A18: Tiebreaker — Cup Final Total Goals | C18: =IF(Bracket!F17="","",Bracket!F17)

Sheet Scores
A1: Series scoring | E1: =Picks!E1 | F1: =Picks!G1 | G1: =Picks!I1 | H1: =Picks!K1 | I1: =Picks!M1 | J1: =Picks!O1 | K1: =Picks!Q1 | L1: =Picks!S1 | M1: =Picks!U1 | N1: =Picks!W1 | O1: =Picks!Y1 | P1: =Picks!AA1 | Q1: =Picks!AC1 | R1: =Picks!AE1 | S1: =Picks!AG1 | T1: =Picks!AI1 | U1: =Picks!AK1 | V1: =Picks!AM1 | W1: =Picks!AO1 | X1: =Picks!AQ1
A2: Round | B2: Series | C2: Round Pts | D2: Actual Winner | E2: Points | F2: Points | G2: Points | H2: Points | I2: Points | J2: Points | K2: Points | L2: Points | M2: Points | N2: Points | O2: Points | P2: Points | Q2: Points | R2: Points | S2: Points | T2: Points | U2: Points | V2: Points | W2: Points | X2: Points
A3: Round 1 | B3: E1 | C3: =R1_PTS | D3: =Picks!C3 | E3: =IF(Picks!C3="","",IF(Picks!E3=Picks!C3,$C3+IF(AND(Picks!F3<>"",Picks!F3=Picks!D3),GAMES_BONUS,0),0)) | F3: =IF(Picks!C3="","",IF(Picks!G3=Picks!C3,$C3+IF(AND(Picks!H3<>"",Picks!H3=Picks!D3),GAMES_BONUS,0),0)) | G3: =IF(Picks!C3="","",IF(Picks!I3=Picks!C3,$C3+IF(AND(Picks!J3<>"",Picks!J3=Picks!D3),GAMES_BONUS,0),0)) | H3: =IF(Picks!C3="","",IF(Picks!K3=Picks!C3,$C3+IF(AND(Picks!L3<>"",Picks!L3=Picks!D3),GAMES_BONUS,0),0)) | I3: =IF(Picks!C3="","",IF(Picks!M3=Picks!C3,$C3+IF(AND(Picks!N3<>"",Picks!N3=Picks!D3),GAMES_BONUS,0),0)) | J3: =IF(Picks!C3="","",IF(Picks!O3=Picks!C3,$C3+IF(AND(Picks!P3<>"",Picks!P3=Picks!D3),GAMES_BONUS,0),0)) | K3: =IF(Picks!C3="","",IF(Picks!Q3=Picks!C3,$C3+IF(AND(Picks!R3<>"",Picks!R3=Picks!D3),GAMES_BONUS,0),0)) | L3: =IF(Picks!C3="","",IF(Picks!S3=Picks!C3,$C3+IF(AND(Picks!T3<>"",Picks!T3=Picks!D3),GAMES_BONUS,0),0)) | M3: =IF(Picks!C3="","",IF(Picks!U3=Picks!C3,$C3+IF(AND(Picks!V3<>"",Picks!V3=Picks!D3),GAMES_BONUS,0),0)) | N3: =IF(Picks!C3="","",IF(Picks!W3=Picks!C3,$C3+IF(AND(Picks!X3<>"",Picks!X3=Picks!D3),GAMES_BONUS,0),0)) | O3: =IF(Picks!C3="","",IF(Picks!Y3=Picks!C3,$C3+IF(AND(Picks!Z3<>"",Picks!Z3=Picks!D3),GAMES_BONUS,0),0)) | P3: =IF(Picks!C3="","",IF(Picks!AA3=Picks!C3,$C3+IF(AND(Picks!AB3<>"",Picks!AB3=Picks!D3),GAMES_BONUS,0),0)) | Q3: =IF(Picks!C3="","",IF(Picks!AC3=Picks!C3,$C3+IF(AND(Picks!AD3<>"",Picks!AD3=Picks!D3),GAMES_BONUS,0),0)) | R3: =IF(Picks!C3="","",IF(Picks!AE3=Picks!C3,$C3+IF(AND(Picks!AF3<>"",Picks!AF3=Picks!D3),GAMES_BONUS,0),0)) | S3: =IF(Picks!C3="","",IF(Picks!AG3=Picks!C3,$C3+IF(AND(Picks!AH3<>"",Picks!AH3=Picks!D3),GAMES_BONUS,0),0)) | T3: =IF(Picks!C3="","",IF(Picks!AI3=Picks!C3,$C3+IF(AND(Picks!AJ3<>"",Picks!AJ3=Picks!D3),GAMES_BONUS,0),0)) | U3: =IF(Picks!C3="","",IF(Picks!AK3=Picks!C3,$C3+IF(AND(Picks!AL3<>"",Picks!AL3=Picks!D3),GAMES_BONUS,0),0)) | V3: =IF(Picks!C3="","",IF(Picks!AM3=Picks!C3,$C3+IF(AND(Picks!AN3<>"",Picks!AN3=Picks!D3),GAMES_BONUS,0),0)) | W3: =IF(Picks!C3="","",IF(Picks!AO3=Picks!C3,$C3+IF(AND(Picks!AP3<>"",Picks!AP3=Picks!D3),GAMES_BONUS,0),0)) | X3: =IF(Picks!C3="","",IF(Picks!AQ3=Picks!C3,$C3+IF(AND(Picks!AR3<>"",Picks!AR3=Picks!D3),GAMES_BONUS,0),0))
A4: Round 1 | B4: E2 | C4: =R1_PTS | D4: =Picks!C4 | E4: =IF(Picks!C4="","",IF(Picks!E4=Picks!C4,$C4+IF(AND(Picks!F4<>"",Picks!F4=Picks!D4),GAMES_BONUS,0),0)) | F4: =IF(Picks!C4="","",IF(Picks!G4=Picks!C4,$C4+IF(AND(Picks!H4<>"",Picks!H4=Picks!D4),GAMES_BONUS,0),0)) | G4: =IF(Picks!C4="","",IF(Picks!I4=Picks!C4,$C4+IF(AND(Picks!J4<>"",Picks!J4=Picks!D4),GAMES_BONUS,0),0)) | H4: =IF(Picks!C4="","",IF(Picks!K4=Picks!C4,$C4+IF(AND(Picks!L4<>"",Picks!L4=Picks!D4),GAMES_BONUS,0),0)) | I4: =IF(Picks!C4="","",IF(Picks!M4=Picks!C4,$C4+IF(AND(Picks!N4<>"",Picks!N4=Picks!D4),GAMES_BONUS,0),0)) | J4: =IF(Picks!C4="","",IF(Picks!O4=Picks!C4,$C4+IF(AND(Picks!P4<>"",Picks!P4=Picks!D4),GAMES_BONUS,0),0)) | K4: =IF(Picks!C4="","",IF(Picks!Q4=Picks!C4,$C4+IF(AND(Picks!R4<>"",Picks!R4=Picks!D4),GAMES_BONUS,0),0)) | L4: =IF(Picks!C4="","",IF(Picks!S4=Picks!C4,$C4+IF(AND(Picks!T4<>"",Picks!T4=Picks!D4),GAMES_BONUS,0),0)) | M4: =IF(Picks!C4="","",IF(Picks!U4=Picks!C4,$C4+IF(AND(Picks!V4<>"",Picks!V4=Picks!D4),GAMES_BONUS,0),0)) | N4: =IF(Picks!C4="","",IF(Picks!W4=Picks!C4,$C4+IF(AND(Picks!X4<>"",Picks!X4=Picks!D4),GAMES_BONUS,0),0)) | O4: =IF(Picks!C4="","",IF(Picks!Y4=Picks!C4,$C4+IF(AND(Picks!Z4<>"",Picks!Z4=Picks!D4),GAMES_BONUS,0),0)) | P4: =IF(Picks!C4="","",IF(Picks!AA4=Picks!C4,$C4+IF(AND(Picks!AB4<>"",Picks!AB4=Picks!D4),GAMES_BONUS,0),0)) | Q4: =IF(Picks!C4="","",IF(Picks!AC4=Picks!C4,$C4+IF(AND(Picks!AD4<>"",Picks!AD4=Picks!D4),GAMES_BONUS,0),0)) | R4: =IF(Picks!C4="","",IF(Picks!AE4=Picks!C4,$C4+IF(AND(Picks!AF4<>"",Picks!AF4=Picks!D4),GAMES_BONUS,0),0)) | S4: =IF(Picks!C4="","",IF(Picks!AG4=Picks!C4,$C4+IF(AND(Picks!AH4<>"",Picks!AH4=Picks!D4),GAMES_BONUS,0),0)) | T4: =IF(Picks!C4="","",IF(Picks!AI4=Picks!C4,$C4+IF(AND(Picks!AJ4<>"",Picks!AJ4=Picks!D4),GAMES_BONUS,0),0)) | U4: =IF(Picks!C4="","",IF(Picks!AK4=Picks!C4,$C4+IF(AND(Picks!AL4<>"",Picks!AL4=Picks!D4),GAMES_BONUS,0),0)) | V4: =IF(Picks!C4="","",IF(Picks!AM4=Picks!C4,$C4+IF(AND(Picks!AN4<>"",Picks!AN4=Picks!D4),GAMES_BONUS,0),0)) | W4: =IF(Picks!C4="","",IF(Picks!AO4=Picks!C4,$C4+IF(AND(Picks!AP4<>"",Picks!AP4=Picks!D4),GAMES_BONUS,0),0)) | X4: =IF(Picks!C4="","",IF(Picks!AQ4=Picks!C4,$C4+IF(AND(Picks!AR4<>"",Picks!AR4=Picks!D4),GAMES_BONUS,0),0))
A5: Round 1 | B5: E3 | C5: =R1_PTS | D5: =Picks!C5 | E5: =IF(Picks!C5="","",IF(Picks!E5=Picks!C5,$C5+IF(AND(Picks!F5<>"",Picks!F5=Picks!D5),GAMES_BONUS,0),0)) | F5: =IF(Picks!C5="","",IF(Picks!G5=Picks!C5,$C5+IF(AND(Picks!H5<>"",Picks!H5=Picks!D5),GAMES_BONUS,0),0)) | G5: =IF(Picks!C5="","",IF(Picks!I5=Picks!C5,$C5+IF(AND(Picks!J5<>"",Picks!J5=Picks!D5),GAMES_BONUS,0),0)) | H5: =IF(Picks!C5="","",IF(Picks!K5=Picks!C5,$C5+IF(AND(Picks!L5<>"",Picks!L5=Picks!D5),GAMES_BONUS,0),0)) | I5: =IF(Picks!C5="","",IF(Picks!M5=Picks!C5,$C5+IF(AND(Picks!N5<>"",Picks!N5=Picks!D5),GAMES_BONUS,0),0)) | J5: =IF(Picks!C5="","",IF(Picks!O5=Picks!C5,$C5+IF(AND(Picks!P5<>"",Picks!P5=Picks!D5),GAMES_BONUS,0),0)) | K5: =IF(Picks!C5="","",IF(Picks!Q5=Picks!C5,$C5+IF(AND(Picks!R5<>"",Picks!R5=Picks!D5),GAMES_BONUS,0),0)) | L5: =IF(Picks!C5="","",IF(Picks!S5=Picks!C5,$C5+IF(AND(Picks!T5<>"",Picks!T5=Picks!D5),GAMES_BONUS,0),0)) | M5: =IF(Picks!C5="","",IF(Picks!U5=Picks!C5,$C5+IF(AND(Picks!V5<>"",Picks!V5=Picks!D5),GAMES_BONUS,0),0)) | N5: =IF(Picks!C5="","",IF(Picks!W5=Picks!C5,$C5+IF(AND(Picks!X5<>"",Picks!X5=Picks!D5),GAMES_BONUS,0),0)) | O5: =IF(Picks!C5="","",IF(Picks!Y5=Picks!C5,$C5+IF(AND(Picks!Z5<>"",Picks!Z5=Picks!D5),GAMES_BONUS,0),0)) | P5: =IF(Picks!C5="","",IF(Picks!AA5=Picks!C5,$C5+IF(AND(Picks!AB5<>"",Picks!AB5=Picks!D5),GAMES_BONUS,0),0)) | Q5: =IF(Picks!C5="","",IF(Picks!AC5=Picks!C5,$C5+IF(AND(Picks!AD5<>"",Picks!AD5=Picks!D5),GAMES_BONUS,0),0)) | R5: =IF(Picks!C5="","",IF(Picks!AE5=Picks!C5,$C5+IF(AND(Picks!AF5<>"",Picks!AF5=Picks!D5),GAMES_BONUS,0),0)) | S5: =IF(Picks!C5="","",IF(Picks!AG5=Picks!C5,$C5+IF(AND(Picks!AH5<>"",Picks!AH5=Picks!D5),GAMES_BONUS,0),0)) | T5: =IF(Picks!C5="","",IF(Picks!AI5=Picks!C5,$C5+IF(AND(Picks!AJ5<>"",Picks!AJ5=Picks!D5),GAMES_BONUS,0),0)) | U5: =IF(Picks!C5="","",IF(Picks!AK5=Picks!C5,$C5+IF(AND(Picks!AL5<>"",Picks!AL5=Picks!D5),GAMES_BONUS,0),0)) | V5: =IF(Picks!C5="","",IF(Picks!AM5=Picks!C5,$C5+IF(AND(Picks!AN5<>"",Picks!AN5=Picks!D5),GAMES_BONUS,0),0)) | W5: =IF(Picks!C5="","",IF(Picks!AO5=Picks!C5,$C5+IF(AND(Picks!AP5<>"",Picks!AP5=Picks!D5),GAMES_BONUS,0),0)) | X5: =IF(Picks!C5="","",IF(Picks!AQ5=Picks!C5,$C5+IF(AND(Picks!AR5<>"",Picks!AR5=Picks!D5),GAMES_BONUS,0),0))
A6: Round 1 | B6: E4 | C6: =R1_PTS | D6: =Picks!C6 | E6: =IF(Picks!C6="","",IF(Picks!E6=Picks!C6,$C6+IF(AND(Picks!F6<>"",Picks!F6=Picks!D6),GAMES_BONUS,0),0)) | F6: =IF(Picks!C6="","",IF(Picks!G6=Picks!C6,$C6+IF(AND(Picks!H6<>"",Picks!H6=Picks!D6),GAMES_BONUS,0),0)) | G6: =IF(Picks!C6="","",IF(Picks!I6=Picks!C6,$C6+IF(AND(Picks!J6<>"",Picks!J6=Picks!D6),GAMES_BONUS,0),0)) | H6: =IF(Picks!C6="","",IF(Picks!K6=Picks!C6,$C6+IF(AND(Picks!L6<>"",Picks!L6=Picks!D6),GAMES_BONUS,0),0)) | I6: =IF(Picks!C6="","",IF(Picks!M6=Picks!C6,$C6+IF(AND(Picks!N6<>"",Picks!N6=Picks!D6),GAMES_BONUS,0),0)) | J6: =IF(Picks!C6="","",IF(Picks!O6=Picks!C6,$C6+IF(AND(Picks!P6<>"",Picks!P6=Picks!D6),GAMES_BONUS,0),0)) | K6: =IF(Picks!C6="","",IF(Picks!Q6=Picks!C6,$C6+IF(AND(Picks!R6<>"",Picks!R6=Picks!D6),GAMES_BONUS,0),0)) | L6: =IF(Picks!C6="","",IF(Picks!S6=Picks!C6,$C6+IF(AND(Picks!T6<>"",Picks!T6=Picks!D6),GAMES_BONUS,0),0)) | M6: =IF(Picks!C6="","",IF(Picks!U6=Picks!C6,$C6+IF(AND(Picks!V6<>"",Picks!V6=Picks!D6),GAMES_BONUS,0),0)) | N6: =IF(Picks!C6="","",IF(Picks!W6=Picks!C6,$C6+IF(AND(Picks!X6<>"",Picks!X6=Picks!D6),GAMES_BONUS,0),0)) | O6: =IF(Picks!C6="","",IF(Picks!Y6=Picks!C6,$C6+IF(AND(Picks!Z6<>"",Picks!Z6=Picks!D6),GAMES_BONUS,0),0)) | P6: =IF(Picks!C6="","",IF(Picks!AA6=Picks!C6,$C6+IF(AND(Picks!AB6<>"",Picks!AB6=Picks!D6),GAMES_BONUS,0),0)) | Q6: =IF(Picks!C6="","",IF(Picks!AC6=Picks!C6,$C6+IF(AND(Picks!AD6<>"",Picks!AD6=Picks!D6),GAMES_BONUS,0),0)) | R6: =IF(Picks!C6="","",IF(Picks!AE6=Picks!C6,$C6+IF(AND(Picks!AF6<>"",Picks!AF6=Picks!D6),GAMES_BONUS,0),0)) | S6: =IF(Picks!C6="","",IF(Picks!AG6=Picks!C6,$C6+IF(AND(Picks!AH6<>"",Picks!AH6=Picks!D6),GAMES_BONUS,0),0)) | T6: =IF(Picks!C6="","",IF(Picks!AI6=Picks!C6,$C6+IF(AND(Picks!AJ6<>"",Picks!AJ6=Picks!D6),GAMES_BONUS,0),0)) | U6: =IF(Picks!C6="","",IF(Picks!AK6=Picks!C6,$C6+IF(AND(Picks!AL6<>"",Picks!AL6=Picks!D6),GAMES_BONUS,0),0)) | V6: =IF(Picks!C6="","",IF(Picks!AM6=Picks!C6,$C6+IF(AND(Picks!AN6<>"",Picks!AN6=Picks!D6),GAMES_BONUS,0),0)) | W6: =IF(Picks!C6="","",IF(Picks!AO6=Picks!C6,$C6+IF(AND(Picks!AP6<>"",Picks!AP6=Picks!D6),GAMES_BONUS,0),0)) | X6: =IF(Picks!C6="","",IF(Picks!AQ6=Picks!C6,$C6+IF(AND(Picks!AR6<>"",Picks!AR6=Picks!D6),GAMES_BONUS,0),0))
A7: Round 1 | B7: W1 | C7: =R1_PTS | D7: =Picks!C7 | E7: =IF(Picks!C7="","",IF(Picks!E7=Picks!C7,$C7+IF(AND(Picks!F7<>"",Picks!F7=Picks!D7),GAMES_BONUS,0),0)) | F7: =IF(Picks!C7="","",IF(Picks!G7=Picks!C7,$C7+IF(AND(Picks!H7<>"",Picks!H7=Picks!D7),GAMES_BONUS,0),0)) | G7: =IF(Picks!C7="","",IF(Picks!I7=Picks!C7,$C7+IF(AND(Picks!J7<>"",Picks!J7=Picks!D7),GAMES_BONUS,0),0)) | H7: =IF(Picks!C7="","",IF(Picks!K7=Picks!C7,$C7+IF(AND(Picks!L7<>"",Picks!L7=Picks!D7),GAMES_BONUS,0),0)) | I7: =IF(Picks!C7="","",IF(Picks!M7=Picks!C7,$C7+IF(AND(Picks!N7<>"",Picks!N7=Picks!D7),GAMES_BONUS,0),0)) | J7: =IF(Picks!C7="","",IF(Picks!O7=Picks!C7,$C7+IF(AND(Picks!P7<>"",Picks!P7=Picks!D7),GAMES_BONUS,0),0)) | K7: =IF(Picks!C7="","",IF(Picks!Q7=Picks!C7,$C7+IF(AND(Picks!R7<>"",Picks!R7=Picks!D7),GAMES_BONUS,0),0)) | L7: =IF(Picks!C7="","",IF(Picks!S7=Picks!C7,$C7+IF(AND(Picks!T7<>"",Picks!T7=Picks!D7),GAMES_BONUS,0),0)) | M7: =IF(Picks!C7="","",IF(Picks!U7=Picks!C7,$C7+IF(AND(Picks!V7<>"",Picks!V7=Picks!D7),GAMES_BONUS,0),0)) | N7: =IF(Picks!C7="","",IF(Picks!W7=Picks!C7,$C7+IF(AND(Picks!X7<>"",Picks!X7=Picks!D7),GAMES_BONUS,0),0)) | O7: =IF(Picks!C7="","",IF(Picks!Y7=Picks!C7,$C7+IF(AND(Picks!Z7<>"",Picks!Z7=Picks!D7),GAMES_BONUS,0),0)) | P7: =IF(Picks!C7="","",IF(Picks!AA7=Picks!C7,$C7+IF(AND(Picks!AB7<>"",Picks!AB7=Picks!D7),GAMES_BONUS,0),0)) | Q7: =IF(Picks!C7="","",IF(Picks!AC7=Picks!C7,$C7+IF(AND(Picks!AD7<>"",Picks!AD7=Picks!D7),GAMES_BONUS,0),0)) | R7: =IF(Picks!C7="","",IF(Picks!AE7=Picks!C7,$C7+IF(AND(Picks!AF7<>"",Picks!AF7=Picks!D7),GAMES_BONUS,0),0)) | S7: =IF(Picks!C7="","",IF(Picks!AG7=Picks!C7,$C7+IF(AND(Picks!AH7<>"",Picks!AH7=Picks!D7),GAMES_BONUS,0),0)) | T7: =IF(Picks!C7="","",IF(Picks!AI7=Picks!C7,$C7+IF(AND(Picks!AJ7<>"",Picks!AJ7=Picks!D7),GAMES_BONUS,0),0)) | U7: =IF(Picks!C7="","",IF(Picks!AK7=Picks!C7,$C7+IF(AND(Picks!AL7<>"",Picks!AL7=Picks!D7),GAMES_BONUS,0),0)) | V7: =IF(Picks!C7="","",IF(Picks!AM7=Picks!C7,$C7+IF(AND(Picks!AN7<>"",Picks!AN7=Picks!D7),GAMES_BONUS,0),0)) | W7: =IF(Picks!C7="","",IF(Picks!AO7=Picks!C7,$C7+IF(AND(Picks!AP7<>"",Picks!AP7=Picks!D7),GAMES_BONUS,0),0)) | X7: =IF(Picks!C7="","",IF(Picks!AQ7=Picks!C7,$C7+IF(AND(Picks!AR7<>"",Picks!AR7=Picks!D7),GAMES_BONUS,0),0))
A8: Round 1 | B8: W2 | C8: =R1_PTS | D8: =Picks!C8 | E8: =IF(Picks!C8="","",IF(Picks!E8=Picks!C8,$C8+IF(AND(Picks!F8<>"",Picks!F8=Picks!D8),GAMES_BONUS,0),0)) | F8: =IF(Picks!C8="","",IF(Picks!G8=Picks!C8,$C8+IF(AND(Picks!H8<>"",Picks!H8=Picks!D8),GAMES_BONUS,0),0)) | G8: =IF(Picks!C8="","",IF(Picks!I8=Picks!C8,$C8+IF(AND(Picks!J8<>"",Picks!J8=Picks!D8),GAMES_BONUS,0),0)) | H8: =IF(Picks!C8="","",IF(Picks!K8=Picks!C8,$C8+IF(AND(Picks!L8<>"",Picks!L8=Picks!D8),GAMES_BONUS,0),0)) | I8: =IF(Picks!C8="","",IF(Picks!M8=Picks!C8,$C8+IF(AND(Picks!N8<>"",Picks!N8=Picks!D8),GAMES_BONUS,0),0)) | J8: =IF(Picks!C8="","",IF(Picks!O8=Picks!C8,$C8+IF(AND(Picks!P8<>"",Picks!P8=Picks!D8),GAMES_BONUS,0),0)) | K8: =IF(Picks!C8="","",IF(Picks!Q8=Picks!C8,$C8+IF(AND(Picks!R8<>"",Picks!R8=Picks!D8),GAMES_BONUS,0),0)) | L8: =IF(Picks!C8="","",IF(Picks!S8=Picks!C8,$C8+IF(AND(Picks!T8<>"",Picks!T8=Picks!D8),GAMES_BONUS,0),0)) | M8: =IF(Picks!C8="","",IF(Picks!U8=Picks!C8,$C8+IF(AND(Picks!V8<>"",Picks!V8=Picks!D8),GAMES_BONUS,0),0)) | N8: =IF(Picks!C8="","",IF(Picks!W8=Picks!C8,$C8+IF(AND(Picks!X8<>"",Picks!X8=Picks!D8),GAMES_BONUS,0),0)) | O8: =IF(Picks!C8="","",IF(Picks!Y8=Picks!C8,$C8+IF(AND(Picks!Z8<>"",Picks!Z8=Picks!D8),GAMES_BONUS,0),0)) | P8: =IF(Picks!C8="","",IF(Picks!AA8=Picks!C8,$C8+IF(AND(Picks!AB8<>"",Picks!AB8=Picks!D8),GAMES_BONUS,0),0)) | Q8: =IF(Picks!C8="","",IF(Picks!AC8=Picks!C8,$C8+IF(AND(Picks!AD8<>"",Picks!AD8=Picks!D8),GAMES_BONUS,0),0)) | R8: =IF(Picks!C8="","",IF(Picks!AE8=Picks!C8,$C8+IF(AND(Picks!AF8<>"",Picks!AF8=Picks!D8),GAMES_BONUS,0),0)) | S8: =IF(Picks!C8="","",IF(Picks!AG8=Picks!C8,$C8+IF(AND(Picks!AH8<>"",Picks!AH8=Picks!D8),GAMES_BONUS,0),0)) | T8: =IF(Picks!C8="","",IF(Picks!AI8=Picks!C8,$C8+IF(AND(Picks!AJ8<>"",Picks!AJ8=Picks!D8),GAMES_BONUS,0),0)) | U8: =IF(Picks!C8="","",IF(Picks!AK8=Picks!C8,$C8+IF(AND(Picks!AL8<>"",Picks!AL8=Picks!D8),GAMES_BONUS,0),0)) | V8: =IF(Picks!C8="","",IF(Picks!AM8=Picks!C8,$C8+IF(AND(Picks!AN8<>"",Picks!AN8=Picks!D8),GAMES_BONUS,0),0)) | W8: =IF(Picks!C8="","",IF(Picks!AO8=Picks!C8,$C8+IF(AND(Picks!AP8<>"",Picks!AP8=Picks!D8),GAMES_BONUS,0),0)) | X8: =IF(Picks!C8="","",IF(Picks!AQ8=Picks!C8,$C8+IF(AND(Picks!AR8<>"",Picks!AR8=Picks!D8),GAMES_BONUS,0),0))
A9: Round 1 | B9: W3 | C9: =R1_PTS | D9: =Picks!C9 | E9: =IF(Picks!C9="","",IF(Picks!E9=Picks!C9,$C9+IF(AND(Picks!F9<>"",Picks!F9=Picks!D9),GAMES_BONUS,0),0)) | F9: =IF(Picks!C9="","",IF(Picks!G9=Picks!C9,$C9+IF(AND(Picks!H9<>"",Picks!H9=Picks!D9),GAMES_BONUS,0),0)) | G9: =IF(Picks!C9="","",IF(Picks!I9=Picks!C9,$C9+IF(AND(Picks!J9<>"",Picks!J9=Picks!D9),GAMES_BONUS,0),0)) | H9: =IF(Picks!C9="","",IF(Picks!K9=Picks!C9,$C9+IF(AND(Picks!L9<>"",Picks!L9=Picks!D9),GAMES_BONUS,0),0)) | I9: =IF(Picks!C9="","",IF(Picks!M9=Picks!C9,$C9+IF(AND(Picks!N9<>"",Picks!N9=Picks!D9),GAMES_BONUS,0),0)) | J9: =IF(Picks!C9="","",IF(Picks!O9=Picks!C9,$C9+IF(AND(Picks!P9<>"",Picks!P9=Picks!D9),GAMES_BONUS,0),0)) | K9: =IF(Picks!C9="","",IF(Picks!Q9=Picks!C9,$C9+IF(AND(Picks!R9<>"",Picks!R9=Picks!D9),GAMES_BONUS,0),0)) | L9: =IF(Picks!C9="","",IF(Picks!S9=Picks!C9,$C9+IF(AND(Picks!T9<>"",Picks!T9=Picks!D9),GAMES_BONUS,0),0)) | M9: =IF(Picks!C9="","",IF(Picks!U9=Picks!C9,$C9+IF(AND(Picks!V9<>"",Picks!V9=Picks!D9),GAMES_BONUS,0),0)) | N9: =IF(Picks!C9="","",IF(Picks!W9=Picks!C9,$C9+IF(AND(Picks!X9<>"",Picks!X9=Picks!D9),GAMES_BONUS,0),0)) | O9: =IF(Picks!C9="","",IF(Picks!Y9=Picks!C9,$C9+IF(AND(Picks!Z9<>"",Picks!Z9=Picks!D9),GAMES_BONUS,0),0)) | P9: =IF(Picks!C9="","",IF(Picks!AA9=Picks!C9,$C9+IF(AND(Picks!AB9<>"",Picks!AB9=Picks!D9),GAMES_BONUS,0),0)) | Q9: =IF(Picks!C9="","",IF(Picks!AC9=Picks!C9,$C9+IF(AND(Picks!AD9<>"",Picks!AD9=Picks!D9),GAMES_BONUS,0),0)) | R9: =IF(Picks!C9="","",IF(Picks!AE9=Picks!C9,$C9+IF(AND(Picks!AF9<>"",Picks!AF9=Picks!D9),GAMES_BONUS,0),0)) | S9: =IF(Picks!C9="","",IF(Picks!AG9=Picks!C9,$C9+IF(AND(Picks!AH9<>"",Picks!AH9=Picks!D9),GAMES_BONUS,0),0)) | T9: =IF(Picks!C9="","",IF(Picks!AI9=Picks!C9,$C9+IF(AND(Picks!AJ9<>"",Picks!AJ9=Picks!D9),GAMES_BONUS,0),0)) | U9: =IF(Picks!C9="","",IF(Picks!AK9=Picks!C9,$C9+IF(AND(Picks!AL9<>"",Picks!AL9=Picks!D9),GAMES_BONUS,0),0)) | V9: =IF(Picks!C9="","",IF(Picks!AM9=Picks!C9,$C9+IF(AND(Picks!AN9<>"",Picks!AN9=Picks!D9),GAMES_BONUS,0),0)) | W9: =IF(Picks!C9="","",IF(Picks!AO9=Picks!C9,$C9+IF(AND(Picks!AP9<>"",Picks!AP9=Picks!D9),GAMES_BONUS,0),0)) | X9: =IF(Picks!C9="","",IF(Picks!AQ9=Picks!C9,$C9+IF(AND(Picks!AR9<>"",Picks!AR9=Picks!D9),GAMES_BONUS,0),0))
A10: Round 1 | B10: W4 | C10: =R1_PTS | D10: =Picks!C10 | E10: =IF(Picks!C10="","",IF(Picks!E10=Picks!C10,$C10+IF(AND(Picks!F10<>"",Picks!F10=Picks!D10),GAMES_BONUS,0),0)) | F10: =IF(Picks!C10="","",IF(Picks!G10=Picks!C10,$C10+IF(AND(Picks!H10<>"",Picks!H10=Picks!D10),GAMES_BONUS,0),0)) | G10: =IF(Picks!C10="","",IF(Picks!I10=Picks!C10,$C10+IF(AND(Picks!J10<>"",Picks!J10=Picks!D10),GAMES_BONUS,0),0)) | H10: =IF(Picks!C10="","",IF(Picks!K10=Picks!C10,$C10+IF(AND(Picks!L10<>"",Picks!L10=Picks!D10),GAMES_BONUS,0),0)) | I10: =IF(Picks!C10="","",IF(Picks!M10=Picks!C10,$C10+IF(AND(Picks!N10<>"",Picks!N10=Picks!D10),GAMES_BONUS,0),0)) | J10: =IF(Picks!C10="","",IF(Picks!O10=Picks!C10,$C10+IF(AND(Picks!P10<>"",Picks!P10=Picks!D10),GAMES_BONUS,0),0)) | K10: =IF(Picks!C10="","",IF(Picks!Q10=Picks!C10,$C10+IF(AND(Picks!R10<>"",Picks!R10=Picks!D10),GAMES_BONUS,0),0)) | L10: =IF(Picks!C10="","",IF(Picks!S10=Picks!C10,$C10+IF(AND(Picks!T10<>"",Picks!T10=Picks!D10),GAMES_BONUS,0),0)) | M10: =IF(Picks!C10="","",IF(Picks!U10=Picks!C10,$C10+IF(AND(Picks!V10<>"",Picks!V10=Picks!D10),GAMES_BONUS,0),0)) | N10: =IF(Picks!C10="","",IF(Picks!W10=Picks!C10,$C10+IF(AND(Picks!X10<>"",Picks!X10=Picks!D10),GAMES_BONUS,0),0)) | O10: =IF(Picks!C10="","",IF(Picks!Y10=Picks!C10,$C10+IF(AND(Picks!Z10<>"",Picks!Z10=Picks!D10),GAMES_BONUS,0),0)) | P10: =IF(Picks!C10="","",IF(Picks!AA10=Picks!C10,$C10+IF(AND(Picks!AB10<>"",Picks!AB10=Picks!D10),GAMES_BONUS,0),0)) | Q10: =IF(Picks!C10="","",IF(Picks!AC10=Picks!C10,$C10+IF(AND(Picks!AD10<>"",Picks!AD10=Picks!D10),GAMES_BONUS,0),0)) | R10: =IF(Picks!C10="","",IF(Picks!AE10=Picks!C10,$C10+IF(AND(Picks!AF10<>"",Picks!AF10=Picks!D10),GAMES_BONUS,0),0)) | S10: =IF(Picks!C10="","",IF(Picks!AG10=Picks!C10,$C10+IF(AND(Picks!AH10<>"",Picks!AH10=Picks!D10),GAMES_BONUS,0),0)) | T10: =IF(Picks!C10="","",IF(Picks!AI10=Picks!C10,$C10+IF(AND(Picks!AJ10<>"",Picks!AJ10=Picks!D10),GAMES_BONUS,0),0)) | U10: =IF(Picks!C10="","",IF(Picks!AK10=Picks!C10,$C10+IF(AND(Picks!AL10<>"",Picks!AL10=Picks!D10),GAMES_BONUS,0),0)) | V10: =IF(Picks!C10="","",IF(Picks!AM10=Picks!C10,$C10+IF(AND(Picks!AN10<>"",Picks!AN10=Picks!D10),GAMES_BONUS,0),0)) | W10: =IF(Picks!C10="","",IF(Picks!AO10=Picks!C10,$C10+IF(AND(Picks!AP10<>"",Picks!AP10=Picks!D10),GAMES_BONUS,0),0)) | X10: =IF(Picks!C10="","",IF(Picks!AQ10=Picks!C10,$C10+IF(AND(Picks!AR10<>"",Picks!AR10=Picks!D10),GAMES_BONUS,0),0))
A11: Round 2 | B11: E5 | C11: =R2_PTS | D11: =Picks!C11 | E11: =IF(Picks!C11="","",IF(Picks!E11=Picks!C11,$C11+IF(AND(Picks!F11<>"",Picks!F11=Picks!D11),GAMES_BONUS,0),0)) | F11: =IF(Picks!C11="","",IF(Picks!G11=Picks!C11,$C11+IF(AND(Picks!H11<>"",Picks!H11=Picks!D11),GAMES_BONUS,0),0)) | G11: =IF(Picks!C11="","",IF(Picks!I11=Picks!C11,$C11+IF(AND(Picks!J11<>"",Picks!J11=Picks!D11),GAMES_BONUS,0),0)) | H11: =IF(Picks!C11="","",IF(Picks!K11=Picks!C11,$C11+IF(AND(Picks!L11<>"",Picks!L11=Picks!D11),GAMES_BONUS,0),0)) | I11: =IF(Picks!C11="","",IF(Picks!M11=Picks!C11,$C11+IF(AND(Picks!N11<>"",Picks!N11=Picks!D11),GAMES_BONUS,0),0)) | J11: =IF(Picks!C11="","",IF(Picks!O11=Picks!C11,$C11+IF(AND(Picks!P11<>"",Picks!P11=Picks!D11),GAMES_BONUS,0),0)) | K11: =IF(Picks!C11="","",IF(Picks!Q11=Picks!C11,$C11+IF(AND(Picks!R11<>"",Picks!R11=Picks!D11),GAMES_BONUS,0),0)) | L11: =IF(Picks!C11="","",IF(Picks!S11=Picks!C11,$C11+IF(AND(Picks!T11<>"",Picks!T11=Picks!D11),GAMES_BONUS,0),0)) | M11: =IF(Picks!C11="","",IF(Picks!U11=Picks!C11,$C11+IF(AND(Picks!V11<>"",Picks!V11=Picks!D11),GAMES_BONUS,0),0)) | N11: =IF(Picks!C11="","",IF(Picks!W11=Picks!C11,$C11+IF(AND(Picks!X11<>"",Picks!X11=Picks!D11),GAMES_BONUS,0),0)) | O11: =IF(Picks!C11="","",IF(Picks!Y11=Picks!C11,$C11+IF(AND(Picks!Z11<>"",Picks!Z11=Picks!D11),GAMES_BONUS,0),0)) | P11: =IF(Picks!C11="","",IF(Picks!AA11=Picks!C11,$C11+IF(AND(Picks!AB11<>"",Picks!AB11=Picks!D11),GAMES_BONUS,0),0)) | Q11: =IF(Picks!C11="","",IF(Picks!AC11=Picks!C11,$C11+IF(AND(Picks!AD11<>"",Picks!AD11=Picks!D11),GAMES_BONUS,0),0)) | R11: =IF(Picks!C11="","",IF(Picks!AE11=Picks!C11,$C11+IF(AND(Picks!AF11<>"",Picks!AF11=Picks!D11),GAMES_BONUS,0),0)) | S11: =IF(Picks!C11="","",IF(Picks!AG11=Picks!C11,$C11+IF(AND(Picks!AH11<>"",Picks!AH11=Picks!D11),GAMES_BONUS,0),0)) | T11: =IF(Picks!C11="","",IF(Picks!AI11=Picks!C11,$C11+IF(AND(Picks!AJ11<>"",Picks!AJ11=Picks!D11),GAMES_BONUS,0),0)) | U11: =IF(Picks!C11="","",IF(Picks!AK11=Picks!C11,$C11+IF(AND(Picks!AL11<>"",Picks!AL11=Picks!D11),GAMES_BONUS,0),0)) | V11: =IF(Picks!C11="","",IF(Picks!AM11=Picks!C11,$C11+IF(AND(Picks!AN11<>"",Picks!AN11=Picks!D11),GAMES_BONUS,0),0)) | W11: =IF(Picks!C11="","",IF(Picks!AO11=Picks!C11,$C11+IF(AND(Picks!AP11<>"",Picks!AP11=Picks!D11),GAMES_BONUS,0),0)) | X11: =IF(Picks!C11="","",IF(Picks!AQ11=Picks!C11,$C11+IF(AND(Picks!AR11<>"",Picks!AR11=Picks!D11),GAMES_BONUS,0),0))
A12: Round 2 | B12: E6 | C12: =R2_PTS | D12: =Picks!C12 | E12: =IF(Picks!C12="","",IF(Picks!E12=Picks!C12,$C12+IF(AND(Picks!F12<>"",Picks!F12=Picks!D12),GAMES_BONUS,0),0)) | F12: =IF(Picks!C12="","",IF(Picks!G12=Picks!C12,$C12+IF(AND(Picks!H12<>"",Picks!H12=Picks!D12),GAMES_BONUS,0),0)) | G12: =IF(Picks!C12="","",IF(Picks!I12=Picks!C12,$C12+IF(AND(Picks!J12<>"",Picks!J12=Picks!D12),GAMES_BONUS,0),0)) | H12: =IF(Picks!C12="","",IF(Picks!K12=Picks!C12,$C12+IF(AND(Picks!L12<>"",Picks!L12=Picks!D12),GAMES_BONUS,0),0)) | I12: =IF(Picks!C12="","",IF(Picks!M12=Picks!C12,$C12+IF(AND(Picks!N12<>"",Picks!N12=Picks!D12),GAMES_BONUS,0),0)) | J12: =IF(Picks!C12="","",IF(Picks!O12=Picks!C12,$C12+IF(AND(Picks!P12<>"",Picks!P12=Picks!D12),GAMES_BONUS,0),0)) | K12: =IF(Picks!C12="","",IF(Picks!Q12=Picks!C12,$C12+IF(AND(Picks!R12<>"",Picks!R12=Picks!D12),GAMES_BONUS,0),0)) | L12: =IF(Picks!C12="","",IF(Picks!S12=Picks!C12,$C12+IF(AND(Picks!T12<>"",Picks!T12=Picks!D12),GAMES_BONUS,0),0)) | M12: =IF(Picks!C12="","",IF(Picks!U12=Picks!C12,$C12+IF(AND(Picks!V12<>"",Picks!V12=Picks!D12),GAMES_BONUS,0),0)) | N12: =IF(Picks!C12="","",IF(Picks!W12=Picks!C12,$C12+IF(AND(Picks!X12<>"",Picks!X12=Picks!D12),GAMES_BONUS,0),0)) | O12: =IF(Picks!C12="","",IF(Picks!Y12=Picks!C12,$C12+IF(AND(Picks!Z12<>"",Picks!Z12=Picks!D12),GAMES_BONUS,0),0)) | P12: =IF(Picks!C12="","",IF(Picks!AA12=Picks!C12,$C12+IF(AND(Picks!AB12<>"",Picks!AB12=Picks!D12),GAMES_BONUS,0),0)) | Q12: =IF(Picks!C12="","",IF(Picks!AC12=Picks!C12,$C12+IF(AND(Picks!AD12<>"",Picks!AD12=Picks!D12),GAMES_BONUS,0),0)) | R12: =IF(Picks!C12="","",IF(Picks!AE12=Picks!C12,$C12+IF(AND(Picks!AF12<>"",Picks!AF12=Picks!D12),GAMES_BONUS,0),0)) | S12: =IF(Picks!C12="","",IF(Picks!AG12=Picks!C12,$C12+IF(AND(Picks!AH12<>"",Picks!AH12=Picks!D12),GAMES_BONUS,0),0)) | T12: =IF(Picks!C12="","",IF(Picks!AI12=Picks!C12,$C12+IF(AND(Picks!AJ12<>"",Picks!AJ12=Picks!D12),GAMES_BONUS,0),0)) | U12: =IF(Picks!C12="","",IF(Picks!AK12=Picks!C12,$C12+IF(AND(Picks!AL12<>"",Picks!AL12=Picks!D12),GAMES_BONUS,0),0)) | V12: =IF(Picks!C12="","",IF(Picks!AM12=Picks!C12,$C12+IF(AND(Picks!AN12<>"",Picks!AN12=Picks!D12),GAMES_BONUS,0),0)) | W12: =IF(Picks!C12="","",IF(Picks!AO12=Picks!C12,$C12+IF(AND(Picks!AP12<>"",Picks!AP12=Picks!D12),GAMES_BONUS,0),0)) | X12: =IF(Picks!C12="","",IF(Picks!AQ12=Picks!C12,$C12+IF(AND(Picks!AR12<>"",Picks!AR12=Picks!D12),GAMES_BONUS,0),0))
A13: Round 2 | B13: W5 | C13: =R2_PTS | D13: =Picks!C13 | E13: =IF(Picks!C13="","",IF(Picks!E13=Picks!C13,$C13+IF(AND(Picks!F13<>"",Picks!F13=Picks!D13),GAMES_BONUS,0),0)) | F13: =IF(Picks!C13="","",IF(Picks!G13=Picks!C13,$C13+IF(AND(Picks!H13<>"",Picks!H13=Picks!D13),GAMES_BONUS,0),0)) | G13: =IF(Picks!C13="","",IF(Picks!I13=Picks!C13,$C13+IF(AND(Picks!J13<>"",Picks!J13=Picks!D13),GAMES_BONUS,0),0)) | H13: =IF(Picks!C13="","",IF(Picks!K13=Picks!C13,$C13+IF(AND(Picks!L13<>"",Picks!L13=Picks!D13),GAMES_BONUS,0),0)) | I13: =IF(Picks!C13="","",IF(Picks!M13=Picks!C13,$C13+IF(AND(Picks!N13<>"",Picks!N13=Picks!D13),GAMES_BONUS,0),0)) | J13: =IF(Picks!C13="","",IF(Picks!O13=Picks!C13,$C13+IF(AND(Picks!P13<>"",Picks!P13=Picks!D13),GAMES_BONUS,0),0)) | K13: =IF(Picks!C13="","",IF(Picks!Q13=Picks!C13,$C13+IF(AND(Picks!R13<>"",Picks!R13=Picks!D13),GAMES_BONUS,0),0)) | L13: =IF(Picks!C13="","",IF(Picks!S13=Picks!C13,$C13+IF(AND(Picks!T13<>"",Picks!T13=Picks!D13),GAMES_BONUS,0),0)) | M13: =IF(Picks!C13="","",IF(Picks!U13=Picks!C13,$C13+IF(AND(Picks!V13<>"",Picks!V13=Picks!D13),GAMES_BONUS,0),0)) | N13: =IF(Picks!C13="","",IF(Picks!W13=Picks!C13,$C13+IF(AND(Picks!X13<>"",Picks!X13=Picks!D13),GAMES_BONUS,0),0)) | O13: =IF(Picks!C13="","",IF(Picks!Y13=Picks!C13,$C13+IF(AND(Picks!Z13<>"",Picks!Z13=Picks!D13),GAMES_BONUS,0),0)) | P13: =IF(Picks!C13="","",IF(Picks!AA13=Picks!C13,$C13+IF(AND(Picks!AB13<>"",Picks!AB13=Picks!D13),GAMES_BONUS,0),0)) | Q13: =IF(Picks!C13="","",IF(Picks!AC13=Picks!C13,$C13+IF(AND(Picks!AD13<>"",Picks!AD13=Picks!D13),GAMES_BONUS,0),0)) | R13: =IF(Picks!C13="","",IF(Picks!AE13=Picks!C13,$C13+IF(AND(Picks!AF13<>"",Picks!AF13=Picks!D13),GAMES_BONUS,0),0)) | S13: =IF(Picks!C13="","",IF(Picks!AG13=Picks!C13,$C13+IF(AND(Picks!AH13<>"",Picks!AH13=Picks!D13),GAMES_BONUS,0),0)) | T13: =IF(Picks!C13="","",IF(Picks!AI13=Picks!C13,$C13+IF(AND(Picks!AJ13<>"",Picks!AJ13=Picks!D13),GAMES_BONUS,0),0)) | U13: =IF(Picks!C13="","",IF(Picks!AK13=Picks!C13,$C13+IF(AND(Picks!AL13<>"",Picks!AL13=Picks!D13),GAMES_BONUS,0),0)) | V13: =IF(Picks!C13="","",IF(Picks!AM13=Picks!C13,$C13+IF(AND(Picks!AN13<>"",Picks!AN13=Picks!D13),GAMES_BONUS,0),0)) | W13: =IF(Picks!C13="","",IF(Picks!AO13=Picks!C13,$C13+IF(AND(Picks!AP13<>"",Picks!AP13=Picks!D13),GAMES_BONUS,0),0)) | X13: =IF(Picks!C13="","",IF(Picks!AQ13=Picks!C13,$C13+IF(AND(Picks!AR13<>"",Picks!AR13=Picks!D13),GAMES_BONUS,0),0))
A14: Round 2 | B14: W6 | C14: =R2_PTS | D14: =Picks!C14 | E14: =IF(Picks!C14="","",IF(Picks!E14=Picks!C14,$C14+IF(AND(Picks!F14<>"",Picks!F14=Picks!D14),GAMES_BONUS,0),0)) | F14: =IF(Picks!C14="","",IF(Picks!G14=Picks!C14,$C14+IF(AND(Picks!H14<>"",Picks!H14=Picks!D14),GAMES_BONUS,0),0)) | G14: =IF(Picks!C14="","",IF(Picks!I14=Picks!C14,$C14+IF(AND(Picks!J14<>"",Picks!J14=Picks!D14),GAMES_BONUS,0),0)) | H14: =IF(Picks!C14="","",IF(Picks!K14=Picks!C14,$C14+IF(AND(Picks!L14<>"",Picks!L14=Picks!D14),GAMES_BONUS,0),0)) | I14: =IF(Picks!C14="","",IF(Picks!M14=Picks!C14,$C14+IF(AND(Picks!N14<>"",Picks!N14=Picks!D14),GAMES_BONUS,0),0)) | J14: =IF(Picks!C14="","",IF(Picks!O14=Picks!C14,$C14+IF(AND(Picks!P14<>"",Picks!P14=Picks!D14),GAMES_BONUS,0),0)) | K14: =IF(Picks!C14="","",IF(Picks!Q14=Picks!C14,$C14+IF(AND(Picks!R14<>"",Picks!R14=Picks!D14),GAMES_BONUS,0),0)) | L14: =IF(Picks!C14="","",IF(Picks!S14=Picks!C14,$C14+IF(AND(Picks!T14<>"",Picks!T14=Picks!D14),GAMES_BONUS,0),0)) | M14: =IF(Picks!C14="","",IF(Picks!U14=Picks!C14,$C14+IF(AND(Picks!V14<>"",Picks!V14=Picks!D14),GAMES_BONUS,0),0)) | N14: =IF(Picks!C14="","",IF(Picks!W14=Picks!C14,$C14+IF(AND(Picks!X14<>"",Picks!X14=Picks!D14),GAMES_BONUS,0),0)) | O14: =IF(Picks!C14="","",IF(Picks!Y14=Picks!C14,$C14+IF(AND(Picks!Z14<>"",Picks!Z14=Picks!D14),GAMES_BONUS,0),0)) | P14: =IF(Picks!C14="","",IF(Picks!AA14=Picks!C14,$C14+IF(AND(Picks!AB14<>"",Picks!AB14=Picks!D14),GAMES_BONUS,0),0)) | Q14: =IF(Picks!C14="","",IF(Picks!AC14=Picks!C14,$C14+IF(AND(Picks!AD14<>"",Picks!AD14=Picks!D14),GAMES_BONUS,0),0)) | R14: =IF(Picks!C14="","",IF(Picks!AE14=Picks!C14,$C14+IF(AND(Picks!AF14<>"",Picks!AF14=Picks!D14),GAMES_BONUS,0),0)) | S14: =IF(Picks!C14="","",IF(Picks!AG14=Picks!C14,$C14+IF(AND(Picks!AH14<>"",Picks!AH14=Picks!D14),GAMES_BONUS,0),0)) | T14: =IF(Picks!C14="","",IF(Picks!AI14=Picks!C14,$C14+IF(AND(Picks!AJ14<>"",Picks!AJ14=Picks!D14),GAMES_BONUS,0),0)) | U14: =IF(Picks!C14="","",IF(Picks!AK14=Picks!C14,$C14+IF(AND(Picks!AL14<>"",Picks!AL14=Picks!D14),GAMES_BONUS,0),0)) | V14: =IF(Picks!C14="","",IF(Picks!AM14=Picks!C14,$C14+IF(AND(Picks!AN14<>"",Picks!AN14=Picks!D14),GAMES_BONUS,0),0)) | W14: =IF(Picks!C14="","",IF(Picks!AO14=Picks!C14,$C14+IF(AND(Picks!AP14<>"",Picks!AP14=Picks!D14),GAMES_BONUS,0),0)) | X14: =IF(Picks!C14="","",IF(Picks!AQ14=Picks!C14,$C14+IF(AND(Picks!AR14<>"",Picks!AR14=Picks!D14),GAMES_BONUS,0),0))
A15: Conference Final | B15: E7 | C15: =CF_PTS | D15: =Picks!C15 | E15: =IF(Picks!C15="","",IF(Picks!E15=Picks!C15,$C15+IF(AND(Picks!F15<>"",Picks!F15=Picks!D15),GAMES_BONUS,0),0)) | F15: =IF(Picks!C15="","",IF(Picks!G15=Picks!C15,$C15+IF(AND(Picks!H15<>"",Picks!H15=Picks!D15),GAMES_BONUS,0),0)) | G15: =IF(Picks!C15="","",IF(Picks!I15=Picks!C15,$C15+IF(AND(Picks!J15<>"",Picks!J15=Picks!D15),GAMES_BONUS,0),0)) | H15: =IF(Picks!C15="","",IF(Picks!K15=Picks!C15,$C15+IF(AND(Picks!L15<>"",Picks!L15=Picks!D15),GAMES_BONUS,0),0)) | I15: =IF(Picks!C15="","",IF(Picks!M15=Picks!C15,$C15+IF(AND(Picks!N15<>"",Picks!N15=Picks!D15),GAMES_BONUS,0),0)) | J15: =IF(Picks!C15="","",IF(Picks!O15=Picks!C15,$C15+IF(AND(Picks!P15<>"",Picks!P15=Picks!D15),GAMES_BONUS,0),0)) | K15: =IF(Picks!C15="","",IF(Picks!Q15=Picks!C15,$C15+IF(AND(Picks!R15<>"",Picks!R15=Picks!D15),GAMES_BONUS,0),0)) | L15: =IF(Picks!C15="","",IF(Picks!S15=Picks!C15,$C15+IF(AND(Picks!T15<>"",Picks!T15=Picks!D15),GAMES_BONUS,0),0)) | M15: =IF(Picks!C15="","",IF(Picks!U15=Picks!C15,$C15+IF(AND(Picks!V15<>"",Picks!V15=Picks!D15),GAMES_BONUS,0),0)) | N15: =IF(Picks!C15="","",IF(Picks!W15=Picks!C15,$C15+IF(AND(Picks!X15<>"",Picks!X15=Picks!D15),GAMES_BONUS,0),0)) | O15: =IF(Picks!C15="","",IF(Picks!Y15=Picks!C15,$C15+IF(AND(Picks!Z15<>"",Picks!Z15=Picks!D15),GAMES_BONUS,0),0)) | P15: =IF(Picks!C15="","",IF(Picks!AA15=Picks!C15,$C15+IF(AND(Picks!AB15<>"",Picks!AB15=Picks!D15),GAMES_BONUS,0),0)) | Q15: =IF(Picks!C15="","",IF(Picks!AC15=Picks!C15,$C15+IF(AND(Picks!AD15<>"",Picks!AD15=Picks!D15),GAMES_BONUS,0),0)) | R15: =IF(Picks!C15="","",IF(Picks!AE15=Picks!C15,$C15+IF(AND(Picks!AF15<>"",Picks!AF15=Picks!D15),GAMES_BONUS,0),0)) | S15: =IF(Picks!C15="","",IF(Picks!AG15=Picks!C15,$C15+IF(AND(Picks!AH15<>"",Picks!AH15=Picks!D15),GAMES_BONUS,0),0)) | T15: =IF(Picks!C15="","",IF(Picks!AI15=Picks!C15,$C15+IF(AND(Picks!AJ15<>"",Picks!AJ15=Picks!D15),GAMES_BONUS,0),0)) | U15: =IF(Picks!C15="","",IF(Picks!AK15=Picks!C15,$C15+IF(AND(Picks!AL15<>"",Picks!AL15=Picks!D15),GAMES_BONUS,0),0)) | V15: =IF(Picks!C15="","",IF(Picks!AM15=Picks!C15,$C15+IF(AND(Picks!AN15<>"",Picks!AN15=Picks!D15),GAMES_BONUS,0),0)) | W15: =IF(Picks!C15="","",IF(Picks!AO15=Picks!C15,$C15+IF(AND(Picks!AP15<>"",Picks!AP15=Picks!D15),GAMES_BONUS,0),0)) | X15: =IF(Picks!C15="","",IF(Picks!AQ15=Picks!C15,$C15+IF(AND(Picks!AR15<>"",Picks!AR15=Picks!D15),GAMES_BONUS,0),0))
A16: Conference Final | B16: W7 | C16: =CF_PTS | D16: =Picks!C16 | E16: =IF(Picks!C16="","",IF(Picks!E16=Picks!C16,$C16+IF(AND(Picks!F16<>"",Picks!F16=Picks!D16),GAMES_BONUS,0),0)) | F16: =IF(Picks!C16="","",IF(Picks!G16=Picks!C16,$C16+IF(AND(Picks!H16<>"",Picks!H16=Picks!D16),GAMES_BONUS,0),0)) | G16: =IF(Picks!C16="","",IF(Picks!I16=Picks!C16,$C16+IF(AND(Picks!J16<>"",Picks!J16=Picks!D16),GAMES_BONUS,0),0)) | H16: =IF(Picks!C16="","",IF(Picks!K16=Picks!C16,$C16+IF(AND(Picks!L16<>"",Picks!L16=Picks!D16),GAMES_BONUS,0),0)) | I16: =IF(Picks!C16="","",IF(Picks!M16=Picks!C16,$C16+IF(AND(Picks!N16<>"",Picks!N16=Picks!D16),GAMES_BONUS,0),0)) | J16: =IF(Picks!C16="","",IF(Picks!O16=Picks!C16,$C16+IF(AND(Picks!P16<>"",Picks!P16=Picks!D16),GAMES_BONUS,0),0)) | K16: =IF(Picks!C16="","",IF(Picks!Q16=Picks!C16,$C16+IF(AND(Picks!R16<>"",Picks!R16=Picks!D16),GAMES_BONUS,0),0)) | L16: =IF(Picks!C16="","",IF(Picks!S16=Picks!C16,$C16+IF(AND(Picks!T16<>"",Picks!T16=Picks!D16),GAMES_BONUS,0),0)) | M16: =IF(Picks!C16="","",IF(Picks!U16=Picks!C16,$C16+IF(AND(Picks!V16<>"",Picks!V16=Picks!D16),GAMES_BONUS,0),0)) | N16: =IF(Picks!C16="","",IF(Picks!W16=Picks!C16,$C16+IF(AND(Picks!X16<>"",Picks!X16=Picks!D16),GAMES_BONUS,0),0)) | O16: =IF(Picks!C16="","",IF(Picks!Y16=Picks!C16,$C16+IF(AND(Picks!Z16<>"",Picks!Z16=Picks!D16),GAMES_BONUS,0),0)) | P16: =IF(Picks!C16="","",IF(Picks!AA16=Picks!C16,$C16+IF(AND(Picks!AB16<>"",Picks!AB16=Picks!D16),GAMES_BONUS,0),0)) | Q16: =IF(Picks!C16="","",IF(Picks!AC16=Picks!C16,$C16+IF(AND(Picks!AD16<>"",Picks!AD16=Picks!D16),GAMES_BONUS,0),0)) | R16: =IF(Picks!C16="","",IF(Picks!AE16=Picks!C16,$C16+IF(AND(Picks!AF16<>"",Picks!AF16=Picks!D16),GAMES_BONUS,0),0)) | S16: =IF(Picks!C16="","",IF(Picks!AG16=Picks!C16,$C16+IF(AND(Picks!AH16<>"",Picks!AH16=Picks!D16),GAMES_BONUS,0),0)) | T16: =IF(Picks!C16="","",IF(Picks!AI16=Picks!C16,$C16+IF(AND(Picks!AJ16<>"",Picks!AJ16=Picks!D16),GAMES_BONUS,0),0)) | U16: =IF(Picks!C16="","",IF(Picks!AK16=Picks!C16,$C16+IF(AND(Picks!AL16<>"",Picks!AL16=Picks!D16),GAMES_BONUS,0),0)) | V16: =IF(Picks!C16="","",IF(Picks!AM16=Picks!C16,$C16+IF(AND(Picks!AN16<>"",Picks!AN16=Picks!D16),GAMES_BONUS,0),0)) | W16: =IF(Picks!C16="","",IF(Picks!AO16=Picks!C16,$C16+IF(AND(Picks!AP16<>"",Picks!AP16=Picks!D16),GAMES_BONUS,0),0)) | X16: =IF(Picks!C16="","",IF(Picks!AQ16=Picks!C16,$C16+IF(AND(Picks!AR16<>"",Picks!AR16=Picks!D16),GAMES_BONUS,0),0))
A17: Stanley Cup Final | B17: SCF | C17: =SCF_PTS | D17: =Picks!C17 | E17: =IF(Picks!C17="","",IF(Picks!E17=Picks!C17,$C17+IF(AND(Picks!F17<>"",Picks!F17=Picks!D17),GAMES_BONUS,0),0)) | F17: =IF(Picks!C17="","",IF(Picks!G17=Picks!C17,$C17+IF(AND(Picks!H17<>"",Picks!H17=Picks!D17),GAMES_BONUS,0),0)) | G17: =IF(Picks!C17="","",IF(Picks!I17=Picks!C17,$C17+IF(AND(Picks!J17<>"",Picks!J17=Picks!D17),GAMES_BONUS,0),0)) | H17: =IF(Picks!C17="","",IF(Picks!K17=Picks!C17,$C17+IF(AND(Picks!L17<>"",Picks!L17=Picks!D17),GAMES_BONUS,0),0)) | I17: =IF(Picks!C17="","",IF(Picks!M17=Picks!C17,$C17+IF(AND(Picks!N17<>"",Picks!N17=Picks!D17),GAMES_BONUS,0),0)) | J17: =IF(Picks!C17="","",IF(Picks!O17=Picks!C17,$C17+IF(AND(Picks!P17<>"",Picks!P17=Picks!D17),GAMES_BONUS,0),0)) | K17: =IF(Picks!C17="","",IF(Picks!Q17=Picks!C17,$C17+IF(AND(Picks!R17<>"",Picks!R17=Picks!D17),GAMES_BONUS,0),0)) | L17: =IF(Picks!C17="","",IF(Picks!S17=Picks!C17,$C17+IF(AND(Picks!T17<>"",Picks!T17=Picks!D17),GAMES_BONUS,0),0)) | M17: =IF(Picks!C17="","",IF(Picks!U17=Picks!C17,$C17+IF(AND(Picks!V17<>"",Picks!V17=Picks!D17),GAMES_BONUS,0),0)) | N17: =IF(Picks!C17="","",IF(Picks!W17=Picks!C17,$C17+IF(AND(Picks!X17<>"",Picks!X17=Picks!D17),GAMES_BONUS,0),0)) | O17: =IF(Picks!C17="","",IF(Picks!Y17=Picks!C17,$C17+IF(AND(Picks!Z17<>"",Picks!Z17=Picks!D17),GAMES_BONUS,0),0)) | P17: =IF(Picks!C17="","",IF(Picks!AA17=Picks!C17,$C17+IF(AND(Picks!AB17<>"",Picks!AB17=Picks!D17),GAMES_BONUS,0),0)) | Q17: =IF(Picks!C17="","",IF(Picks!AC17=Picks!C17,$C17+IF(AND(Picks!AD17<>"",Picks!AD17=Picks!D17),GAMES_BONUS,0),0)) | R17: =IF(Picks!C17="","",IF(Picks!AE17=Picks!C17,$C17+IF(AND(Picks!AF17<>"",Picks!AF17=Picks!D17),GAMES_BONUS,0),0)) | S17: =IF(Picks!C17="","",IF(Picks!AG17=Picks!C17,$C17+IF(AND(Picks!AH17<>"",Picks!AH17=Picks!D17),GAMES_BONUS,0),0)) | T17: =IF(Picks!C17="","",IF(Picks!AI17=Picks!C17,$C17+IF(AND(Picks!AJ17<>"",Picks!AJ17=Picks!D17),GAMES_BONUS,0),0)) | U17: =IF(Picks!C17="","",IF(Picks!AK17=Picks!C17,$C17+IF(AND(Picks!AL17<>"",Picks!AL17=Picks!D17),GAMES_BONUS,0),0)) | V17: =IF(Picks!C17="","",IF(Picks!AM17=Picks!C17,$C17+IF(AND(Picks!AN17<>"",Picks!AN17=Picks!D17),GAMES_BONUS,0),0)) | W17: =IF(Picks!C17="","",IF(Picks!AO17=Picks!C17,$C17+IF(AND(Picks!AP17<>"",Picks!AP17=Picks!D17),GAMES_BONUS,0),0)) | X17: =IF(Picks!C17="","",IF(Picks!AQ17=Picks!C17,$C17+IF(AND(Picks!AR17<>"",Picks!AR17=Picks!D17),GAMES_BONUS,0),0))
A18: TOTAL | E18: =SUM(E3:E17) | F18: =SUM(F3:F17) | G18: =SUM(G3:G17) | H18: =SUM(H3:H17) | I18: =SUM(I3:I17) | J18: =SUM(J3:J17) | K18: =SUM(K3:K17) | L18: =SUM(L3:L17) | ... X18: =SUM(X3:X17)
A19: Tiebreak sort key (auto) | E19: =E18*1000000-IF(ISNUMBER(E20),E20*1000,0)-COLUMN() | F19: =F18*1000000-IF(ISNUMBER(F20),F20*1000,0)-COLUMN() | G19: =G18*1000000-IF(ISNUMBER(G20),G20*1000,0)-COLUMN() | H19: =H18*1000000-IF(ISNUMBER(H20),H20*1000,0)-COLUMN() | I19: =I18*1000000-IF(ISNUMBER(I20),I20*1000,0)-COLUMN() | J19: =J18*1000000-IF(ISNUMBER(J20),J20*1000,0)-COLUMN() | K19: =K18*1000000-IF(ISNUMBER(K20),K20*1000,0)-COLUMN() | L19: =L18*1000000-IF(ISNUMBER(L20),L20*1000,0)-COLUMN() | ... X19: =X18*1000000-IF(ISNUMBER(X20),X20*1000,0)-COLUMN()
A20: Goal-diff vs actual (|guess − actual|) | E20: =IF(OR(Picks!E18="",ACTUAL_TOTAL_GOALS=""),"",ABS(Picks!E18-ACTUAL_TOTAL_GOALS)) | F20: =IF(OR(Picks!G18="",ACTUAL_TOTAL_GOALS=""),"",ABS(Picks!G18-ACTUAL_TOTAL_GOALS)) | G20: =IF(OR(Picks!I18="",ACTUAL_TOTAL_GOALS=""),"",ABS(Picks!I18-ACTUAL_TOTAL_GOALS)) | H20: =IF(OR(Picks!K18="",ACTUAL_TOTAL_GOALS=""),"",ABS(Picks!K18-ACTUAL_TOTAL_GOALS)) | I20: =IF(OR(Picks!M18="",ACTUAL_TOTAL_GOALS=""),"",ABS(Picks!M18-ACTUAL_TOTAL_GOALS)) | J20: =IF(OR(Picks!O18="",ACTUAL_TOTAL_GOALS=""),"",ABS(Picks!O18-ACTUAL_TOTAL_GOALS)) | K20: =IF(OR(Picks!Q18="",ACTUAL_TOTAL_GOALS=""),"",ABS(Picks!Q18-ACTUAL_TOTAL_GOALS)) | L20: =IF(OR(Picks!S18="",ACTUAL_TOTAL_GOALS=""),"",ABS(Picks!S18-ACTUAL_TOTAL_GOALS)) | M20: =IF(OR(Picks!U18="",ACTUAL_TOTAL_GOALS=""),"",ABS(Picks!U18-ACTUAL_TOTAL_GOALS)) | N20: =IF(OR(Picks!W18="",ACTUAL_TOTAL_GOALS=""),"",ABS(Picks!W18-ACTUAL_TOTAL_GOALS)) | O20: =IF(OR(Picks!Y18="",ACTUAL_TOTAL_GOALS=""),"",ABS(Picks!Y18-ACTUAL_TOTAL_GOALS)) | P20: =IF(OR(Picks!AA18="",ACTUAL_TOTAL_GOALS=""),"",ABS(Picks!AA18-ACTUAL_TOTAL_GOALS)) | Q20: =IF(OR(Picks!AC18="",ACTUAL_TOTAL_GOALS=""),"",ABS(Picks!AC18-ACTUAL_TOTAL_GOALS)) | R20: =IF(OR(Picks!AE18="",ACTUAL_TOTAL_GOALS=""),"",ABS(Picks!AE18-ACTUAL_TOTAL_GOALS)) | S20: =IF(OR(Picks!AG18="",ACTUAL_TOTAL_GOALS=""),"",ABS(Picks!AG18-ACTUAL_TOTAL_GOALS)) | T20: =IF(OR(Picks!AI18="",ACTUAL_TOTAL_GOALS=""),"",ABS(Picks!AI18-ACTUAL_TOTAL_GOALS)) | U20: =IF(OR(Picks!AK18="",ACTUAL_TOTAL_GOALS=""),"",ABS(Picks!AK18-ACTUAL_TOTAL_GOALS)) | V20: =IF(OR(Picks!AM18="",ACTUAL_TOTAL_GOALS=""),"",ABS(Picks!AM18-ACTUAL_TOTAL_GOALS)) | W20: =IF(OR(Picks!AO18="",ACTUAL_TOTAL_GOALS=""),"",ABS(Picks!AO18-ACTUAL_TOTAL_GOALS)) | X20: =IF(OR(Picks!AQ18="",ACTUAL_TOTAL_GOALS=""),"",ABS(Picks!AQ18-ACTUAL_TOTAL_GOALS))
A22: Points by round | E22: =Picks!E1 | F22: =Picks!G1 | G22: =Picks!I1 | H22: =Picks!K1 | I22: =Picks!M1 | J22: =Picks!O1 | K22: =Picks!Q1 | L22: =Picks!S1 | M22: =Picks!U1 | N22: =Picks!W1 | O22: =Picks!Y1 | P22: =Picks!AA1 | Q22: =Picks!AC1 | R22: =Picks!AE1 | S22: =Picks!AG1 | T22: =Picks!AI1 | U22: =Picks!AK1 | V22: =Picks!AM1 | W22: =Picks!AO1 | X22: =Picks!AQ1
A23: Round 1 | E23: =SUM(IF(E3="",0,E3),IF(E4="",0,E4),IF(E5="",0,E5),IF(E6="",0,E6),IF(E7="",0,E7),IF(E8="",0,E8),IF(E9="",0,E9),IF(E10="",0,E10)) | F23: =SUM(IF(F3="",0,F3),IF(F4="",0,F4),IF(F5="",0,F5),IF(F6="",0,F6),IF(F7="",0,F7),IF(F8="",0,F8),IF(F9="",0,F9),IF(F10="",0,F10)) | G23: =SUM(IF(G3="",0,G3),IF(G4="",0,G4),IF(G5="",0,G5),IF(G6="",0,G6),IF(G7="",0,G7),IF(G8="",0,G8),IF(G9="",0,G9),IF(G10="",0,G10)) | H23: =SUM(IF(H3="",0,H3),IF(H4="",0,H4),IF(H5="",0,H5),IF(H6="",0,H6),IF(H7="",0,H7),IF(H8="",0,H8),IF(H9="",0,H9),IF(H10="",0,H10)) | I23: =SUM(IF(I3="",0,I3),IF(I4="",0,I4),IF(I5="",0,I5),IF(I6="",0,I6),IF(I7="",0,I7),IF(I8="",0,I8),IF(I9="",0,I9),IF(I10="",0,I10)) | J23: =SUM(IF(J3="",0,J3),IF(J4="",0,J4),IF(J5="",0,J5),IF(J6="",0,J6),IF(J7="",0,J7),IF(J8="",0,J8),IF(J9="",0,J9),IF(J10="",0,J10)) | K23: =SUM(IF(K3="",0,K3),IF(K4="",0,K4),IF(K5="",0,K5),IF(K6="",0,K6),IF(K7="",0,K7),IF(K8="",0,K8),IF(K9="",0,K9),IF(K10="",0,K10)) | L23: =SUM(IF(L3="",0,L3),IF(L4="",0,L4),IF(L5="",0,L5),IF(L6="",0,L6),IF(L7="",0,L7),IF(L8="",0,L8),IF(L9="",0,L9),IF(L10="",0,L10)) | ... X23: =SUM(IF(X3="",0,X3),IF(X4="",0,X4),IF(X5="",0,X5),IF(X6="",0,X6),IF(X7="",0,X7),IF(X8="",0,X8),IF(X9="",0,X9),IF(X10="",0,X10))
A24: Round 2 | E24: =SUM(IF(E11="",0,E11),IF(E12="",0,E12),IF(E13="",0,E13),IF(E14="",0,E14)) | F24: =SUM(IF(F11="",0,F11),IF(F12="",0,F12),IF(F13="",0,F13),IF(F14="",0,F14)) | G24: =SUM(IF(G11="",0,G11),IF(G12="",0,G12),IF(G13="",0,G13),IF(G14="",0,G14)) | H24: =SUM(IF(H11="",0,H11),IF(H12="",0,H12),IF(H13="",0,H13),IF(H14="",0,H14)) | I24: =SUM(IF(I11="",0,I11),IF(I12="",0,I12),IF(I13="",0,I13),IF(I14="",0,I14)) | J24: =SUM(IF(J11="",0,J11),IF(J12="",0,J12),IF(J13="",0,J13),IF(J14="",0,J14)) | K24: =SUM(IF(K11="",0,K11),IF(K12="",0,K12),IF(K13="",0,K13),IF(K14="",0,K14)) | L24: =SUM(IF(L11="",0,L11),IF(L12="",0,L12),IF(L13="",0,L13),IF(L14="",0,L14)) | ... X24: =SUM(IF(X11="",0,X11),IF(X12="",0,X12),IF(X13="",0,X13),IF(X14="",0,X14))
A25: Conference Final | E25: =SUM(IF(E15="",0,E15),IF(E16="",0,E16)) | F25: =SUM(IF(F15="",0,F15),IF(F16="",0,F16)) | G25: =SUM(IF(G15="",0,G15),IF(G16="",0,G16)) | H25: =SUM(IF(H15="",0,H15),IF(H16="",0,H16)) | I25: =SUM(IF(I15="",0,I15),IF(I16="",0,I16)) | J25: =SUM(IF(J15="",0,J15),IF(J16="",0,J16)) | K25: =SUM(IF(K15="",0,K15),IF(K16="",0,K16)) | L25: =SUM(IF(L15="",0,L15),IF(L16="",0,L16)) | ... X25: =SUM(IF(X15="",0,X15),IF(X16="",0,X16))
A26: Stanley Cup Final | E26: =SUM(IF(E17="",0,E17)) | F26: =SUM(IF(F17="",0,F17)) | G26: =SUM(IF(G17="",0,G17)) | H26: =SUM(IF(H17="",0,H17)) | I26: =SUM(IF(I17="",0,I17)) | J26: =SUM(IF(J17="",0,J17)) | K26: =SUM(IF(K17="",0,K17)) | L26: =SUM(IF(L17="",0,L17)) | ... X26: =SUM(IF(X17="",0,X17))

Sheet Leaderboard
A1: Rank | B1: Player | C1: Total Points | D1: Goal-Diff (TB)
A2: =IF(C2="","",ROW()-1) | B2: =IFERROR(INDEX(Scores!$E$1:$X$1,1,MATCH(LARGE(Scores!$E$19:$X$19,ROW()-1),Scores!$E$19:$X$19,0)),"") | C2: =IFERROR(INDEX(Scores!$E$18:$X$18,1,MATCH(LARGE(Scores!$E$19:$X$19,ROW()-1),Scores!$E$19:$X$19,0)),"") | D2: =IFERROR(INDEX(Scores!$E$20:$X$20,1,MATCH(LARGE(Scores!$E$19:$X$19,ROW()-1),Scores!$E$19:$X$19,0)),"")
A3: =IF(C3="","",ROW()-1) | B3: =IFERROR(INDEX(Scores!$E$1:$X$1,1,MATCH(LARGE(Scores!$E$19:$X$19,ROW()-1),Scores!$E$19:$X$19,0)),"") | C3: =IFERROR(INDEX(Scores!$E$18:$X$18,1,MATCH(LARGE(Scores!$E$19:$X$19,ROW()-1),Scores!$E$19:$X$19,0)),"") | D3: =IFERROR(INDEX(Scores!$E$20:$X$20,1,MATCH(LARGE(Scores!$E$19:$X$19,ROW()-1),Scores!$E$19:$X$19,0)),"")
A4: =IF(C4="","",ROW()-1) | B4: =IFERROR(INDEX(Scores!$E$1:$X$1,1,MATCH(LARGE(Scores!$E$19:$X$19,ROW()-1),Scores!$E$19:$X$19,0)),"") | C4: =IFERROR(INDEX(Scores!$E$18:$X$18,1,MATCH(LARGE(Scores!$E$19:$X$19,ROW()-1),Scores!$E$19:$X$19,0)),"") | D4: =IFERROR(INDEX(Scores!$E$20:$X$20,1,MATCH(LARGE(Scores!$E$19:$X$19,ROW()-1),Scores!$E$19:$X$19,0)),"")
A5: =IF(C5="","",ROW()-1) | B5: =IFERROR(INDEX(Scores!$E$1:$X$1,1,MATCH(LARGE(Scores!$E$19:$X$19,ROW()-1),Scores!$E$19:$X$19,0)),"") | C5: =IFERROR(INDEX(Scores!$E$18:$X$18,1,MATCH(LARGE(Scores!$E$19:$X$19,ROW()-1),Scores!$E$19:$X$19,0)),"") | D5: =IFERROR(INDEX(Scores!$E$20:$X$20,1,MATCH(LARGE(Scores!$E$19:$X$19,ROW()-1),Scores!$E$19:$X$19,0)),"")
A6: =IF(C6="","",ROW()-1) | B6: =IFERROR(INDEX(Scores!$E$1:$X$1,1,MATCH(LARGE(Scores!$E$19:$X$19,ROW()-1),Scores!$E$19:$X$19,0)),"") | C6: =IFERROR(INDEX(Scores!$E$18:$X$18,1,MATCH(LARGE(Scores!$E$19:$X$19,ROW()-1),Scores!$E$19:$X$19,0)),"") | D6: =IFERROR(INDEX(Scores!$E$20:$X$20,1,MATCH(LARGE(Scores!$E$19:$X$19,ROW()-1),Scores!$E$19:$X$19,0)),"")
A7: =IF(C7="","",ROW()-1) | B7: =IFERROR(INDEX(Scores!$E$1:$X$1,1,MATCH(LARGE(Scores!$E$19:$X$19,ROW()-1),Scores!$E$19:$X$19,0)),"") | C7: =IFERROR(INDEX(Scores!$E$18:$X$18,1,MATCH(LARGE(Scores!$E$19:$X$19,ROW()-1),Scores!$E$19:$X$19,0)),"") | D7: =IFERROR(INDEX(Scores!$E$20:$X$20,1,MATCH(LARGE(Scores!$E$19:$X$19,ROW()-1),Scores!$E$19:$X$19,0)),"")
A8: =IF(C8="","",ROW()-1) | B8: =IFERROR(INDEX(Scores!$E$1:$X$1,1,MATCH(LARGE(Scores!$E$19:$X$19,ROW()-1),Scores!$E$19:$X$19,0)),"") | C8: =IFERROR(INDEX(Scores!$E$18:$X$18,1,MATCH(LARGE(Scores!$E$19:$X$19,ROW()-1),Scores!$E$19:$X$19,0)),"") | D8: =IFERROR(INDEX(Scores!$E$20:$X$20,1,MATCH(LARGE(Scores!$E$19:$X$19,ROW()-1),Scores!$E$19:$X$19,0)),"")
A9: =IF(C9="","",ROW()-1) | B9: =IFERROR(INDEX(Scores!$E$1:$X$1,1,MATCH(LARGE(Scores!$E$19:$X$19,ROW()-1),Scores!$E$19:$X$19,0)),"") | C9: =IFERROR(INDEX(Scores!$E$18:$X$18,1,MATCH(LARGE(Scores!$E$19:$X$19,ROW()-1),Scores!$E$19:$X$19,0)),"") | D9: =IFERROR(INDEX(Scores!$E$20:$X$20,1,MATCH(LARGE(Scores!$E$19:$X$19,ROW()-1),Scores!$E$19:$X$19,0)),"")
A10: =IF(C10="","",ROW()-1) | B10: =IFERROR(INDEX(Scores!$E$1:$X$1,1,MATCH(LARGE(Scores!$E$19:$X$19,ROW()-1),Scores!$E$19:$X$19,0)),"") | C10: =IFERROR(INDEX(Scores!$E$18:$X$18,1,MATCH(LARGE(Scores!$E$19:$X$19,ROW()-1),Scores!$E$19:$X$19,0)),"") | D10: =IFERROR(INDEX(Scores!$E$20:$X$20,1,MATCH(LARGE(Scores!$E$19:$X$19,ROW()-1),Scores!$E$19:$X$19,0)),"")
A11: =IF(C11="","",ROW()-1) | B11: =IFERROR(INDEX(Scores!$E$1:$X$1,1,MATCH(LARGE(Scores!$E$19:$X$19,ROW()-1),Scores!$E$19:$X$19,0)),"") | C11: =IFERROR(INDEX(Scores!$E$18:$X$18,1,MATCH(LARGE(Scores!$E$19:$X$19,ROW()-1),Scores!$E$19:$X$19,0)),"") | D11: =IFERROR(INDEX(Scores!$E$20:$X$20,1,MATCH(LARGE(Scores!$E$19:$X$19,ROW()-1),Scores!$E$19:$X$19,0)),"")
A12: =IF(C12="","",ROW()-1) | B12: =IFERROR(INDEX(Scores!$E$1:$X$1,1,MATCH(LARGE(Scores!$E$19:$X$19,ROW()-1),Scores!$E$19:$X$19,0)),"") | C12: =IFERROR(INDEX(Scores!$E$18:$X$18,1,MATCH(LARGE(Scores!$E$19:$X$19,ROW()-1),Scores!$E$19:$X$19,0)),"") | D12: =IFERROR(INDEX(Scores!$E$20:$X$20,1,MATCH(LARGE(Scores!$E$19:$X$19,ROW()-1),Scores!$E$19:$X$19,0)),"")
A13: =IF(C13="","",ROW()-1) | B13: =IFERROR(INDEX(Scores!$E$1:$X$1,1,MATCH(LARGE(Scores!$E$19:$X$19,ROW()-1),Scores!$E$19:$X$19,0)),"") | C13: =IFERROR(INDEX(Scores!$E$18:$X$18,1,MATCH(LARGE(Scores!$E$19:$X$19,ROW()-1),Scores!$E$19:$X$19,0)),"") | D13: =IFERROR(INDEX(Scores!$E$20:$X$20,1,MATCH(LARGE(Scores!$E$19:$X$19,ROW()-1),Scores!$E$19:$X$19,0)),"")
... A21: =IF(C21="","",ROW()-1) | B21: =IFERROR(INDEX(Scores!$E$1:$X$1,1,MATCH(LARGE(Scores!$E$19:$X$19,ROW()-1),Scores!$E$19:$X$19,0)),"") | C21: =IFERROR(INDEX(Scores!$E$18:$X$18,1,MATCH(LARGE(Scores!$E$19:$X$19,ROW()-1),Scores!$E$19:$X$19,0)),"") | D21: =IFERROR(INDEX(Scores!$E$20:$X$20,1,MATCH(LARGE(Scores!$E$19:$X$19,ROW()-1),Scores!$E$19:$X$19,0)),"")

Sheet Config
A1: Setting | B1: Value
A2: R1_PTS | B2: 2
A3: R2_PTS | B3: 4
A4: CF_PTS | B4: 6
A5: SCF_PTS | B5: 10
A6: GAMES_BONUS | B6: 1
A7: PICKS_LOCKED | B7: FALSE
